{
    "2003-04": {
        "season": "2003-04",
        "average_minutes": 39.50632911392405,
        "total_games": 79,
        "best_stint_duration": 9.876582278481013,
        "best_rest_duration": 1.5,
        "age": 19
    },
    "2004-05": {
        "season": "2004-05",
        "average_minutes": 42.35,
        "total_games": 80,
        "best_stint_duration": 10.5875,
        "best_rest_duration": 1.5,
        "age": 20
    },
    "2005-06": {
        "season": "2005-06",
        "average_minutes": 42.51898734177215,
        "total_games": 79,
        "best_stint_duration": 10.629746835443038,
        "best_rest_duration": 1.5,
        "age": 21
    },
    "2006-07": {
        "season": "2006-07",
        "average_minutes": 40.91025641025641,
        "total_games": 78,
        "best_stint_duration": 10.227564102564102,
        "best_rest_duration": 1.5,
        "age": 22
    },
    "2007-08": {
        "season": "2007-08",
        "average_minutes": 40.373333333333335,
        "total_games": 75,
        "best_stint_duration": 10.093333333333334,
        "best_rest_duration": 1.5,
        "age": 23
    },
    "2008-09": {
        "season": "2008-09",
        "average_minutes": 37.72839506172839,
        "total_games": 81,
        "best_stint_duration": 9.432098765432098,
        "best_rest_duration": 1.5,
        "age": 24
    },
    "2009-10": {
        "season": "2009-10",
        "average_minutes": 39.05263157894737,
        "total_games": 76,
        "best_stint_duration": 9.763157894736842,
        "best_rest_duration": 1.5,
        "age": 25
    },
    "2010-11": {
        "season": "2010-11",
        "average_minutes": 38.77215189873418,
        "total_games": 79,
        "best_stint_duration": 9.693037974683545,
        "best_rest_duration": 1.5,
        "age": 26
    },
    "2011-12": {
        "season": "2011-12",
        "average_minutes": 37.516129032258064,
        "total_games": 62,
        "best_stint_duration": 9.379032258064516,
        "best_rest_duration": 1.5,
        "age": 27
    },
    "2012-13": {
        "season": "2012-13",
        "average_minutes": 37.9078947368421,
        "total_games": 76,
        "best_stint_duration": 9.476973684210526,
        "best_rest_duration": 1.5,
        "age": 28
    },
    "2013-14": {
        "season": "2013-14",
        "average_minutes": 37.701298701298704,
        "total_games": 77,
        "best_stint_duration": 9.425324675324676,
        "best_rest_duration": 1.5,
        "age": 29
    },
    "2014-15": {
        "season": "2014-15",
        "average_minutes": 36.14492753623188,
        "total_games": 69,
        "best_stint_duration": 9.03623188405797,
        "best_rest_duration": 2.0,
        "age": 30
    },
    "2015-16": {
        "season": "2015-16",
        "average_minutes": 35.63157894736842,
        "total_games": 76,
        "best_stint_duration": 8.907894736842104,
        "best_rest_duration": 2.0,
        "age": 31
    },
    "2016-17": {
        "season": "2016-17",
        "average_minutes": 37.78378378378378,
        "total_games": 74,
        "best_stint_duration": 9.445945945945946,
        "best_rest_duration": 2.0,
        "age": 32
    },
    "2017-18": {
        "season": "2017-18",
        "average_minutes": 36.8780487804878,
        "total_games": 82,
        "best_stint_duration": 9.21951219512195,
        "best_rest_duration": 2.0,
        "age": 33
    },
    "2018-19": {
        "season": "2018-19",
        "average_minutes": 35.2,
        "total_games": 55,
        "best_stint_duration": 8.8,
        "best_rest_duration": 2.0,
        "age": 34
    },
    "2019-20": {
        "season": "2019-20",
        "average_minutes": 34.582089552238806,
        "total_games": 67,
        "best_stint_duration": 8.645522388059701,
        "best_rest_duration": 2.5,
        "age": 35
    },
    "2020-21": {
        "season": "2020-21",
        "average_minutes": 33.37777777777778,
        "total_games": 45,
        "best_stint_duration": 8.344444444444445,
        "best_rest_duration": 2.5,
        "age": 36
    },
    "2021-22": {
        "season": "2021-22",
        "average_minutes": 37.232142857142854,
        "total_games": 56,
        "best_stint_duration": 9.308035714285714,
        "best_rest_duration": 2.5,
        "age": 37
    },
    "2022-23": {
        "season": "2022-23",
        "average_minutes": 35.527272727272724,
        "total_games": 55,
        "best_stint_duration": 8.881818181818181,
        "best_rest_duration": 2.5,
        "age": 38
    },
    "2023-24": {
        "season": "2023-24",
        "average_minutes": 35.32394366197183,
        "total_games": 71,
        "best_stint_duration": 8.830985915492958,
        "best_rest_duration": 2.5,
        "age": 39
    },
    "2024-25": {
        "season": "2024-25",
        "average_minutes": 34.957142857142856,
        "total_games": 70,
        "best_stint_duration": 8.739285714285714,
        "best_rest_duration": 2.5,
        "age": 40
    },
    "2025-26": {
        "season": "2025-26",
        "average_minutes": 33.13333333333333,
        "total_games": 60,
        "best_stint_duration": 8.283333333333333,
        "best_rest_duration": 2.5,
        "age": 41
    }
}